{
  "plugin_metadata": {
    "current_mode": "strict",
    "last_saved": 1783476850.7821205,
    "version": "88.0.5",
    "stationary_start": null,
    "plugin_enabled": true,
    "attack_count": 0,
    "attack_success_count": 1
  },
  "ap_data": {
    "58:d9:d5:5e:d9:84": {
      "ssid": "<hidden>",
      "channel": 3,
      "clients": {},
      "last_seen": 1783476844.4400434,
      "handshakes": 0
    },
    "58:d9:d5:5e:d9:86": {
      "ssid": "Mittelbau_Sch\u00f6nherr_2",
      "channel": 3,
      "clients": {},
      "last_seen": 1783476844.4400434,
      "handshakes": 0
    },
    "08:40:f3:8f:84:c6": {
      "ssid": "Mittelbau_Sch\u00f6nherr_1",
      "channel": 9,
      "clients": {
        "72:1a:0d:80:2d:61": {
          "last_seen": 1783474841.80371,
          "signal": -57,
          "score": 27.999999691645304,
          "last_attempt": 1783474841.80371,
          "last_success": 0,
          "last_recalculated": 1783474815.924465
        }
      },
      "last_seen": 1783476844.4400434,
      "handshakes": 1
    },
    "08:40:f3:8f:84:c4": {
      "ssid": "<hidden>",
      "channel": 9,
      "clients": {},
      "last_seen": 1783476844.4400434,
      "handshakes": 0
    },
    "62:dc:81:c9:6d:08": {
      "ssid": "phi_601456CBA5C3",
      "channel": 11,
      "clients": {
        "60:dc:81:cb:a5:c3": {
          "last_seen": 1783476477.7450752,
          "signal": -91,
          "score": 8.999999771780438,
          "last_attempt": 1783470216.6863961,
          "last_success": 1783468419.4516928,
          "last_recalculated": 1783476477.7450752
        }
      },
      "last_seen": 1783476844.4400434,
      "handshakes": 2
    },
    "b4:fc:7d:64:99:64": {
      "ssid": "FRITZ!Box 7490",
      "channel": 6,
      "clients": {
        "c0:f8:53:81:fd:92": {
          "last_seen": 1783476500.1033914,
          "signal": -87,
          "score": 12.999980796708002,
          "last_attempt": 0,
          "last_success": 0,
          "last_recalculated": 1783476500.1033914
        }
      },
      "last_seen": 1783476844.4400434,
      "handshakes": 0
    },
    "c8:0e:14:e9:9c:3c": {
      "ssid": "FRITZ!Box 7490",
      "channel": 6,
      "clients": {
        "e0:91:53:b8:80:53": {
          "last_seen": 1783476822.6139,
          "signal": -75,
          "score": 24.999999839332368,
          "last_attempt": 1783476822.6139,
          "last_success": 1783462727.3930147,
          "last_recalculated": 1783476822.6139
        },
        "c0:f8:53:81:fa:ac": {
          "last_seen": 1783475826.8237555,
          "signal": -96,
          "score": 3.9999998399946426,
          "last_attempt": 0,
          "last_success": 0,
          "last_recalculated": 1783475826.8237555
        },
        "c0:f8:53:81:fc:bc": {
          "last_seen": 1783476738.0667682,
          "signal": -80,
          "score": 19.999999822245705,
          "last_attempt": 1783474893.4583387,
          "last_success": 0,
          "last_recalculated": 1783476738.0667682
        },
        "5c:47:5e:b0:62:c8": {
          "last_seen": 1783476401.366937,
          "signal": -87,
          "score": 12.999999836815729,
          "last_attempt": 0,
          "last_success": 0,
          "last_recalculated": 1783476401.366937
        }
      },
      "last_seen": 1783476844.4400434,
      "handshakes": 1
    },
    "60:32:b1:77:6c:70": {
      "ssid": "X",
      "channel": 6,
      "clients": {},
      "last_seen": 1783476844.4400434,
      "handshakes": 0
    },
    "5c:fa:25:91:87:ce": {
      "ssid": "MagentaWLAN-BGRQ",
      "channel": 1,
      "clients": {},
      "last_seen": 1783476844.4400434,
      "handshakes": 0
    },
    "b4:fc:7d:9f:94:ba": {
      "ssid": "FRITZ!Box 7490",
      "channel": 1,
      "clients": {
        "20:ba:36:84:3e:cc": {
          "last_seen": 1783476693.4997418,
          "signal": -83,
          "score": 16.999999837742912,
          "last_attempt": 0,
          "last_success": 0,
          "last_recalculated": 1783476693.4997418
        },
        "e0:91:53:b8:80:53": {
          "last_seen": 1783469306.9793305,
          "signal": -78,
          "score": 71.99626460525725,
          "last_attempt": 1783469306.9793305,
          "last_success": 1783469313.702942,
          "last_recalculated": 1783469306.9793305
        }
      },
      "last_seen": 1783476800.6131322,
      "handshakes": 1
    },
    "2c:91:ab:b3:c0:47": {
      "ssid": "Wirtshaus 2",
      "channel": 1,
      "clients": {},
      "last_seen": 1783471363.9840446,
      "handshakes": 0
    },
    "7e:91:ab:b3:c0:47": {
      "ssid": "<hidden>",
      "channel": 1,
      "clients": {},
      "last_seen": 1783473349.4981034,
      "handshakes": 0
    },
    "14:9d:09:1f:98:b8": {
      "ssid": "gigacube-98B8",
      "channel": 4,
      "clients": {},
      "last_seen": 1783476596.3087616,
      "handshakes": 0
    },
    "e0:28:6d:11:43:77": {
      "ssid": "FRITZ!Box 7490",
      "channel": 3,
      "clients": {},
      "last_seen": 1783476134.1464622,
      "handshakes": 0
    }
  }
}