{
  "plugin_metadata": {
    "current_mode": "strict",
    "last_saved": 1783462378.424303,
    "version": "88.0.5",
    "stationary_start": null,
    "plugin_enabled": true,
    "attack_count": 0,
    "attack_success_count": 0
  },
  "ap_data": {
    "58:d9:d5:5e:d9:84": {
      "ssid": "<hidden>",
      "channel": 3,
      "clients": {},
      "last_seen": 1783455587.7498062,
      "handshakes": 0
    },
    "58:d9:d5:5e:d9:86": {
      "ssid": "Mittelbau_Sch\u00f6nherr_2",
      "channel": 3,
      "clients": {},
      "last_seen": 1783455587.7498062,
      "handshakes": 0
    },
    "08:40:f3:8f:84:c6": {
      "ssid": "Mittelbau_Sch\u00f6nherr_1",
      "channel": 9,
      "clients": {},
      "last_seen": 1783455587.7498062,
      "handshakes": 0
    },
    "08:40:f3:8f:84:c4": {
      "ssid": "<hidden>",
      "channel": 9,
      "clients": {},
      "last_seen": 1783455587.7498062,
      "handshakes": 0
    },
    "62:dc:81:c9:6d:08": {
      "ssid": "phi_601456CBA5C3",
      "channel": 11,
      "clients": {},
      "last_seen": 1783455587.7498062,
      "handshakes": 0
    },
    "b4:fc:7d:64:99:64": {
      "ssid": "FRITZ!Box 7490",
      "channel": 6,
      "clients": {},
      "last_seen": 1783455575.577674,
      "handshakes": 0
    },
    "c8:0e:14:e9:9c:3c": {
      "ssid": "FRITZ!Box 7490",
      "channel": 6,
      "clients": {
        "e0:91:53:b8:80:53": {
          "last_seen": 1783454969.677359,
          "signal": -87,
          "score": 12.999999816152785,
          "last_attempt": 0,
          "last_success": 0,
          "last_recalculated": 1783454969.677359
        },
        "c0:f8:53:81:fa:ac": {
          "last_seen": 1783454994.36736,
          "signal": -94,
          "score": 5.999999805026584,
          "last_attempt": 0,
          "last_success": 0,
          "last_recalculated": 1783454994.36736
        },
        "c0:f8:53:81:fc:bc": {
          "last_seen": 1783455139.7753239,
          "signal": -90,
          "score": 9.999999801715216,
          "last_attempt": 0,
          "last_success": 0,
          "last_recalculated": 1783455114.816982
        }
      },
      "last_seen": 1783455587.7498062,
      "handshakes": 0
    },
    "60:32:b1:77:6c:70": {
      "ssid": "X",
      "channel": 6,
      "clients": {},
      "last_seen": 1783455587.7498062,
      "handshakes": 0
    },
    "5c:fa:25:91:87:ce": {
      "ssid": "MagentaWLAN-BGRQ",
      "channel": 1,
      "clients": {},
      "last_seen": 1783455587.7498062,
      "handshakes": 0
    },
    "b4:fc:7d:9f:94:ba": {
      "ssid": "FRITZ!Box 7490",
      "channel": 1,
      "clients": {
        "20:ba:36:84:3e:cc": {
          "last_seen": 1783454717.122942,
          "signal": -88,
          "score": 11.99999985575676,
          "last_attempt": 0,
          "last_success": 0,
          "last_recalculated": 1783454704.0958002
        },
        "e0:91:53:b8:80:53": {
          "last_seen": 1783454616.346823,
          "signal": -85,
          "score": 14.999999883307352,
          "last_attempt": 0,
          "last_success": 0,
          "last_recalculated": 1783454616.346823
        }
      },
      "last_seen": 1783454943.9002528,
      "handshakes": 0
    }
  }
}