{
  "plugin_metadata": {
    "current_mode": "auto",
    "last_saved": 1783325467.9601438,
    "version": "88.0.5",
    "stationary_start": null,
    "plugin_enabled": true,
    "attack_count": 0,
    "attack_success_count": 4
  },
  "ap_data": {
    "b4:fc:7d:64:99:64": {
      "ssid": "FRITZ!Box 7490",
      "channel": 11,
      "clients": {
        "e0:91:53:b8:80:53": {
          "last_seen": 1783306777.296601,
          "signal": -78,
          "score": 21.999997606012556,
          "last_attempt": 1783306777.296601,
          "last_success": 0,
          "last_recalculated": 1783306777.296601
        },
        "36:f3:35:f5:9b:53": {
          "last_seen": 1783245757.7493186,
          "signal": -80,
          "score": 19.999999864233864,
          "last_attempt": 0,
          "last_success": 0,
          "last_recalculated": 1783245737.834118
        }
      },
      "last_seen": 1783310513.0787694,
      "handshakes": 2
    },
    "08:40:f3:8f:84:c4": {
      "ssid": "<hidden>",
      "channel": 3,
      "clients": {},
      "last_seen": 1783310513.0787694,
      "handshakes": 0
    },
    "08:40:f3:8f:84:c6": {
      "ssid": "Mittelbau_Sch\u00f6nherr_1",
      "channel": 3,
      "clients": {
        "08:91:a3:ad:cd:ed": {
          "last_seen": 1783310481.6330106,
          "signal": -69,
          "score": 80.99994013322724,
          "last_attempt": 1783310430.1835942,
          "last_success": 1783310455.305989,
          "last_recalculated": 1783310481.6330106
        },
        "72:1a:0d:80:2d:61": {
          "last_seen": 1783310513.0787694,
          "signal": -83,
          "score": 66.99999969270495,
          "last_attempt": 1783310481.6330106,
          "last_success": 1783310483.0563865,
          "last_recalculated": 1783310513.0787694
        }
      },
      "last_seen": 1783310513.0787694,
      "handshakes": 2
    },
    "60:32:b1:77:6c:70": {
      "ssid": "X",
      "channel": 6,
      "clients": {},
      "last_seen": 1783310513.0787694,
      "handshakes": 0
    },
    "b4:fc:7d:9f:94:ba": {
      "ssid": "FRITZ!Box 7490",
      "channel": 6,
      "clients": {
        "20:ba:36:84:3e:cc": {
          "last_seen": 1783306656.1306388,
          "signal": -81,
          "score": 18.99999980847041,
          "last_attempt": 0,
          "last_success": 0,
          "last_recalculated": 1783306656.1306388
        }
      },
      "last_seen": 1783310513.0787694,
      "handshakes": 0
    },
    "58:d9:d5:5e:d9:86": {
      "ssid": "Mittelbau_Sch\u00f6nherr_2",
      "channel": 1,
      "clients": {
        "e2:b0:92:36:77:b6": {
          "last_seen": 1783307742.6613133,
          "signal": -60,
          "score": 89.99999977575408,
          "last_attempt": 1783307742.6613133,
          "last_success": 1783306699.3991897,
          "last_recalculated": 1783307742.6613133
        }
      },
      "last_seen": 1783310513.0787694,
      "handshakes": 2
    },
    "58:d9:d5:5e:d9:84": {
      "ssid": "<hidden>",
      "channel": 1,
      "clients": {},
      "last_seen": 1783310513.0787694,
      "handshakes": 0
    },
    "c8:0e:14:e9:9c:3c": {
      "ssid": "FRITZ!Box 7490",
      "channel": 11,
      "clients": {
        "5c:47:5e:b0:62:c8": {
          "last_seen": 1783263651.3215618,
          "signal": -81,
          "score": 18.999961225324206,
          "last_attempt": 1783245096.44953,
          "last_success": 0,
          "last_recalculated": 1783263651.3215618
        },
        "e0:91:53:b8:80:53": {
          "last_seen": 1783306889.7372699,
          "signal": -85,
          "score": 64.99998611251513,
          "last_attempt": 1783306814.8428395,
          "last_success": 1783306784.990252,
          "last_recalculated": 1783306889.7372699
        },
        "ac:9f:c3:8d:11:4c": {
          "last_seen": 1783261506.734845,
          "signal": -99,
          "score": 0.999999591641956,
          "last_attempt": 1783245096.44953,
          "last_success": 0,
          "last_recalculated": 1783261506.734845
        },
        "20:ba:36:84:3e:cc": {
          "last_seen": 1783263694.8979838,
          "signal": -77,
          "score": 22.999999685022566,
          "last_attempt": 1783263651.3215618,
          "last_success": 0,
          "last_recalculated": 1783263694.8979838
        },
        "c0:f8:53:81:fd:92": {
          "last_seen": 1783310513.0787694,
          "signal": -79,
          "score": 20.999868113597234,
          "last_attempt": 1783310513.0787694,
          "last_success": 0,
          "last_recalculated": 1783310513.0787694
        },
        "c0:f8:53:81:fa:ac": {
          "last_seen": 1783307683.341697,
          "signal": -93,
          "score": 6.999999223020342,
          "last_attempt": 0,
          "last_success": 0,
          "last_recalculated": 1783307683.341697
        },
        "c0:f8:53:81:fc:bc": {
          "last_seen": 1783307683.341697,
          "signal": -87,
          "score": 12.999999140236113,
          "last_attempt": 0,
          "last_success": 0,
          "last_recalculated": 1783307683.341697
        }
      },
      "last_seen": 1783310513.0787694,
      "handshakes": 3
    },
    "62:dc:81:c9:6d:08": {
      "ssid": "phi_601456CBA5C3",
      "channel": 11,
      "clients": {},
      "last_seen": 1783310513.0787694,
      "handshakes": 0
    },
    "5c:fa:25:91:87:ce": {
      "ssid": "MagentaWLAN-BGRQ",
      "channel": 1,
      "clients": {
        "b0:4a:39:d4:d8:cc": {
          "last_seen": 1783260787.544847,
          "signal": -94,
          "score": 55.999999563694,
          "last_attempt": 1783260787.544847,
          "last_success": 1783260758.1276338,
          "last_recalculated": 1783260787.544847
        }
      },
      "last_seen": 1783310513.0787694,
      "handshakes": 1
    },
    "30:d3:2d:7e:2e:58": {
      "ssid": "Wirtshaus 2",
      "channel": 11,
      "clients": {
        "e0:40:07:ad:36:39": {
          "last_seen": 1783258950.004448,
          "signal": -89,
          "score": 10.999999751117494,
          "last_attempt": 0,
          "last_success": 0,
          "last_recalculated": 1783258950.004448
        }
      },
      "last_seen": 1783310513.0787694,
      "handshakes": 0
    },
    "2c:91:ab:b3:c0:47": {
      "ssid": "Wirtshaus 2",
      "channel": 1,
      "clients": {
        "b2:9b:ed:a2:b9:7f": {
          "last_seen": 1783254724.7698789,
          "signal": -82,
          "score": 17.999999866220687,
          "last_attempt": 0,
          "last_success": 0,
          "last_recalculated": 1783254724.7698789
        },
        "ca:6c:c2:d5:fe:f1": {
          "last_seen": 1783263487.8316343,
          "signal": -86,
          "score": 13.999999836815729,
          "last_attempt": 0,
          "last_success": 0,
          "last_recalculated": 1783263487.8316343
        },
        "e0:40:07:ad:36:39": {
          "last_seen": 1783261728.212376,
          "signal": -76,
          "score": 23.999999519454107,
          "last_attempt": 1783261728.212376,
          "last_success": 0,
          "last_recalculated": 1783261728.212376
        },
        "ea:fd:e0:92:85:de": {
          "last_seen": 1783262000.5507257,
          "signal": -87,
          "score": 62.99999974462721,
          "last_attempt": 1783262000.5507257,
          "last_success": 1783260649.8023634,
          "last_recalculated": 1783262000.5507257
        },
        "22:a0:07:a4:ca:5a": {
          "last_seen": 1783261916.9830863,
          "signal": -83,
          "score": 66.99999988396962,
          "last_attempt": 1783261916.9830863,
          "last_success": 1783261777.9901357,
          "last_recalculated": 1783261916.9830863
        },
        "b2:d6:62:4b:cb:10": {
          "last_seen": 1783260052.058919,
          "signal": -83,
          "score": 16.999999702241684,
          "last_attempt": 0,
          "last_success": 0,
          "last_recalculated": 1783260052.058919
        }
      },
      "last_seen": 1783310513.0787694,